[
  {
    "name": "sj45ce9eYbtFcAvUzvTETw\u003d\u003d",
    "Password": "$2a$10$MCye3x1SydDBx568s7ienOyqfUXtKaMNgQQBbldLc0CrSadcBTAhS",
    "Email": "nGmjQtbr2eQzTjHdVLC7aiitjdhIv2MrsTlLmpGjk30\u003d"
  },
  {
    "name": "FbN6zSzZPz9xKRHt3ck1gg\u003d\u003d",
    "Password": "$2a$10$fNs4wIN7BVyHnb5XuvmVu.CylZJmq/fhFILFrrqf.AYRjHQpknO/K",
    "Email": "a8dnO+u+85PuM/Hb0ktbZDHtdfTsXjjh0DMkTO26BCk\u003d"
  },
  {
    "name": "P6VktRAhBQaHzbKIcZ7Gaw\u003d\u003d",
    "Password": "$2a$10$NfQZYIRzlvRTH5ciqZoLPO8IDFf6ENlq6V4Wzj7OE.ZJR1ETeyzbO",
    "Email": "zGEDeNN1AsKlWjy0rXL36djh1Pis9GuGXrVHIOlbspY\u003d"
  },
  {
    "name": "7/NFNHxFS1KN704CObspBg\u003d\u003d",
    "Password": "$2a$10$0hFTOA0zGibSOdw/E7P5BeJTlnh1/kYEpQrJoVsFYVP17ZkmZKKZO",
    "Email": "NXm6YgZxWg0uRIZqzFPuhANBoSRuBwZ60ALA93ot5gE\u003d"
  }
]